<?xml version="1.0" encoding="UTF-8" standalone="no"?>
<process version="5.2.008">
  <context>
    <input/>
    <output/>
    <macros/>
  </context>
  <operator activated="true" class="process" compatibility="5.2.008" expanded="true" name="Process">
    <process expanded="true" height="415" width="681">
      <operator activated="true" class="read_excel" compatibility="5.0.011" expanded="true" height="60" name="Read Excel" width="90" x="45" y="30">
        <parameter key="excel_file" value="C:\Users\ind-pak-alldata-updated-postWC.xls"/>
        <parameter key="imported_cell_range" value="A1:Y37"/>
        <parameter key="first_row_as_names" value="false"/>
        <list key="annotations">
          <parameter key="0" value="Name"/>
        </list>
        <list key="data_set_meta_data_information">
          <parameter key="0" value="number.false.integer.attribute"/>
          <parameter key="1" value="Result.true.binominal.attribute"/>
          <parameter key="2" value="D/N.true.polynominal.attribute"/>
          <parameter key="3" value="Home.true.polynominal.attribute"/>
          <parameter key="4" value="First Bat.true.binominal.attribute"/>
          <parameter key="5" value="Run target.true.integer.attribute"/>
          <parameter key="6" value="Chased total.true.integer.attribute"/>
          <parameter key="7" value="Pak RPO.true.numeric.attribute"/>
          <parameter key="8" value="IND RPO.true.numeric.attribute"/>
          <parameter key="9" value="Top score.true.integer.attribute"/>
          <parameter key="10" value="2nd best score.true.integer.attribute"/>
          <parameter key="11" value="Top part.true.integer.attribute"/>
          <parameter key="12" value="Top part wkt.true.integer.attribute"/>
          <parameter key="13" value="2nd best part.true.integer.attribute"/>
          <parameter key="14" value="2nd best wkt.true.integer.attribute"/>
          <parameter key="15" value="IND pace wkts.true.integer.attribute"/>
          <parameter key="16" value="IND slow wkts.true.integer.attribute"/>
          <parameter key="17" value="PAK pace wkts.true.integer.attribute"/>
          <parameter key="18" value="PAK slow wkts.true.integer.attribute"/>
          <parameter key="19" value="Toss.true.binominal.attribute"/>
          <parameter key="20" value="50 in --- balls.true.integer.attribute"/>
          <parameter key="21" value="100 in --- balls.true.integer.attribute"/>
          <parameter key="22" value="total PAK wkts.true.integer.attribute"/>
          <parameter key="23" value="total IND wkts.true.integer.attribute"/>
          <parameter key="24" value="Wicket difference: PAK-IND.true.integer.attribute"/>
        </list>
      </operator>
      <operator activated="true" class="set_role" compatibility="5.2.008" expanded="true" height="76" name="Set Role" width="90" x="45" y="120">
        <parameter key="name" value="Result"/>
        <parameter key="target_role" value="label"/>
        <list key="set_additional_roles"/>
      </operator>
      <operator activated="true" class="select_attributes" compatibility="5.2.008" expanded="true" height="76" name="Select Attributes" width="90" x="45" y="255">
        <parameter key="attribute_filter_type" value="subset"/>
        <parameter key="attributes" value="Result|100 in --- balls|2nd best score|IND pace wkts|Top part|total PAK wkts|total IND wkts|Wicket difference: PAK-IND|Toss|Top score|Top part wkt|Run target|Pak RPO|PAK slow wkts|PAK pace wkts|IND slow wkts|IND RPO|Home|First Bat|D/N|Chased total|50 in --- balls|2nd best wkt|2nd best part"/>
      </operator>
      <operator activated="true" class="filter_example_range" compatibility="5.2.008" expanded="true" height="76" name="Filter Example Range" width="90" x="179" y="30">
        <parameter key="first_example" value="1"/>
        <parameter key="last_example" value="36"/>
      </operator>
      <operator activated="true" class="filter_example_range" compatibility="5.2.008" expanded="true" height="76" name="Filter Example Range (2)" width="90" x="313" y="30">
        <parameter key="first_example" value="36"/>
        <parameter key="last_example" value="36"/>
      </operator>
      <operator activated="true" class="split_validation" compatibility="5.2.008" expanded="true" height="130" name="Validation (2)" width="90" x="179" y="165">
        <parameter key="sampling_type" value="stratified sampling"/>
        <process expanded="true" height="388" width="310">
          <operator activated="true" class="random_forest" compatibility="5.2.008" expanded="true" height="76" name="Random Forest" width="90" x="112" y="30"/>
          <connect from_port="training" to_op="Random Forest" to_port="training set"/>
          <connect from_op="Random Forest" from_port="model" to_port="model"/>
          <portSpacing port="source_training" spacing="0"/>
          <portSpacing port="sink_model" spacing="0"/>
          <portSpacing port="sink_through 1" spacing="0"/>
        </process>
        <process expanded="true" height="388" width="310">
          <operator activated="true" class="apply_model" compatibility="5.2.008" expanded="true" height="76" name="Apply Model (2)" width="90" x="45" y="30">
            <list key="application_parameters"/>
          </operator>
          <operator activated="true" class="performance_classification" compatibility="5.2.008" expanded="true" height="76" name="Performance" width="90" x="159" y="157">
            <parameter key="classification_error" value="true"/>
            <list key="class_weights"/>
          </operator>
          <connect from_port="model" to_op="Apply Model (2)" to_port="model"/>
          <connect from_port="test set" to_op="Apply Model (2)" to_port="unlabelled data"/>
          <connect from_op="Apply Model (2)" from_port="labelled data" to_op="Performance" to_port="labelled data"/>
          <connect from_op="Performance" from_port="performance" to_port="averagable 1"/>
          <portSpacing port="source_model" spacing="0"/>
          <portSpacing port="source_test set" spacing="0"/>
          <portSpacing port="source_through 1" spacing="0"/>
          <portSpacing port="sink_averagable 1" spacing="0"/>
          <portSpacing port="sink_averagable 2" spacing="0"/>
          <portSpacing port="sink_averagable 3" spacing="0"/>
        </process>
      </operator>
      <operator activated="true" class="apply_model" compatibility="5.2.008" expanded="true" height="76" name="Apply Model" width="90" x="313" y="255">
        <list key="application_parameters"/>
      </operator>
      <connect from_op="Read Excel" from_port="output" to_op="Set Role" to_port="example set input"/>
      <connect from_op="Set Role" from_port="example set output" to_op="Select Attributes" to_port="example set input"/>
      <connect from_op="Select Attributes" from_port="example set output" to_op="Filter Example Range" to_port="example set input"/>
      <connect from_op="Filter Example Range" from_port="example set output" to_op="Validation (2)" to_port="training"/>
      <connect from_op="Filter Example Range" from_port="original" to_op="Filter Example Range (2)" to_port="example set input"/>
      <connect from_op="Filter Example Range (2)" from_port="example set output" to_op="Apply Model" to_port="unlabelled data"/>
      <connect from_op="Validation (2)" from_port="model" to_op="Apply Model" to_port="model"/>
      <connect from_op="Validation (2)" from_port="training" to_port="result 1"/>
      <connect from_op="Validation (2)" from_port="averagable 1" to_port="result 3"/>
      <connect from_op="Apply Model" from_port="labelled data" to_port="result 4"/>
      <connect from_op="Apply Model" from_port="model" to_port="result 2"/>
      <portSpacing port="source_input 1" spacing="0"/>
      <portSpacing port="sink_result 1" spacing="0"/>
      <portSpacing port="sink_result 2" spacing="0"/>
      <portSpacing port="sink_result 3" spacing="0"/>
      <portSpacing port="sink_result 4" spacing="0"/>
      <portSpacing port="sink_result 5" spacing="0"/>
    </process>
  </operator>
</process>
